Image,F1,Jaccard,Recall,Precision,,,
833.png,0.9181434599156119,0.8486739469578783,0.9577464788732394,0.8816855753646677,,,
2069.png,0.7717569786535303,0.6283422459893048,1,0.6283422459893048,,,
3038.png,0.8003095975232198,0.6670967741935484,0.8052959501557633,0.7953846153846154,,,
1169.png,0.9615806805708014,0.9260042283298098,0.9439655172413793,0.9798657718120806,,,         
501.png,0.9519450800915331,0.9082969432314411,0.9189985272459499,0.9873417721518988,,,
31.png,0.9627928341754708,0.9282550930026572,0.9282550930026572,1,,,
2242.png,0.939825448,0.8864818024263431,0.9860240963855421,0.8977621763931549,,,
1014.png,0.9417040358744394,0.8898305084745762,0.9347181008902077,0.9487951807228916,,,
1322.png,0.7006369426751593,0.5392156862745098,0.873015873,0.5851063829787234,,,
1779.png,0.8932907348242811,0.8071593533487298,0.9173228346456693,0.8704856787048568,,,
1217.png,0.9118086696562032,0.8379120879120879,0.9775641025641025,0.8543417366946778,,,
1956.png,0.9235588972431079,0.8579743888242142,0.860981308,0.995945946,,,
108.png,0.9663243372342966,0.9348428835489834,0.9555975436939065,0.9772946859903382,,,
1258.png,0.9405940594059407,0.8878504672897196,0.9693877551020408,0.9134615384615384,,,
571.png,0.9675810473815462,0.9371980676328503,0.9651741293532339,0.97,,,
1888.png,0,0,0,0,,,
35.png,0.2553191489361702,0.14634146341463414,0.14634146341463414,1,,,
2162.png,0.9189265937810592,0.850013134,0.9814983318168031,0.8638547784303257,,,
2582.png,0.9086839749328558,0.8326497128794094,0.9787849566055931,0.847953216,,,
1279.png,0.23097826086956524,0.130568356,0.130568356,1,,,
749.png,0.8379446640316206,0.7210884353741497,0.7878112225938313,0.89489236,,,
2122.png,0.049050086,0.025141643059490085,0.04423676,0.05503876,,,
2928.png,0.8789848344165893,0.7840971838763114,0.8981657179000633,0.8606060606060606,,,
74.png,0.9699523635031148,0.9416577730345073,0.9880552444942142,0.9525008996041742,,,
788.png,0.8674252447737497,0.7658878504672897,0.7762254321572342,0.9829085457271365,,,
707.png,0.9759358288770055,0.9530026109660574,0.9785522788203753,0.9733333333333334,,,
1678.png,0.918819188,0.8498293515358362,0.9822485207100592,0.8630849220103987,,,
909.png,0.8674698795180723,0.7659574468085106,0.7662936142198815,0.9994275901545506,,,
218.png,0.8523622047244095,0.7427101200686106,0.9096638655462185,0.8018518518518518,,,
2046.png,0.9326887318705838,0.8738675958188153,0.8995695839311334,0.9683397683397683,,,
3.png,0.9578358208955223,0.9190834228428213,0.967948718,0.9479320531757754,,,
1270.png,0.5650793650793651,0.3938053097345133,0.839622642,0.4258373205741627,,,
573.png,0.9384339509862522,0.884009009,0.9775840597758406,0.9022988505747126,,,
861.png,0.6037685060565275,0.4324272219009061,0.4324272219009061,1,,,
2463.png,0.27123695976154993,0.15689655172413794,0.9972602739726028,0.15696420871065114,,,
1326.png,0.9045751633986928,0.8257756563245824,0.8501228501228502,0.9664804469273743,,,
528.png,0.9524397776405188,0.9091981132075472,0.9987046632124352,0.910271547,,,
461.png,0.8979591836734694,0.8148148148148148,0.88,0.9166666666666666,,,
803.png,0.7696560196560197,0.6255616575137294,0.7280650784427658,0.8162866449511401,,,
1392.png,0.9553023663453112,0.9144295302013423,0.9891107078039928,0.923728814,,,
298.png,0.9294117647058824,0.8681318681318682,0.8745387453874539,0.9916317991631799,,,
3005.png,0.6062602965403624,0.43498817966903075,0.8105726872246696,0.4842105263157895,,,
1239.png,0.8932261768082663,0.8070539419087137,0.9923469387755102,0.8121085594989561,,,
2839.png,0,0,0,0,,,
2605.png,0.7252222945131208,0.5689009867301803,0.9510807736063709,0.5860497721696459,,,
1529.png,0.9005736137667304,0.8191304347826087,0.8954372623574145,0.9057692307692308,,,
574.png,0.9790619765494137,0.9589827727645611,0.9948936170212765,0.9637262984336357,,,
2574.png,0.9167794316644114,0.8463460337289195,0.9312714776632303,0.9027315123251166,,,
1702.png,0.9046728971962615,0.825938567,0.983739837,0.8373702422145328,,,
1732.png,0.870559412,0.7707881417208966,1,0.7707881417208966,,,
1266.png,0.9182389937106918,0.8488372093023255,0.8902439024390244,0.948051948,,,
1808.png,0.7148148148148148,0.5561959654178674,1,0.5561959654178674,,,
1085.png,0.6180257510729614,0.4472049689440994,0.45188284518828453,0.9773755656108597,,,
653.png,0.9790530846484935,0.9589657110736369,0.9861271676300578,0.972079772,,,
2791.png,0.5968529571351058,0.4253673627223511,0.42834890965732086,0.9838998211091234,,,
1187.png,0.9634049323786793,0.9293937068303914,0.9358578052550232,0.9926229508196721,,,
2744.png,0.8182665424044734,0.692429022,0.9089026915113871,0.7440677966101695,,,
1023.png,0.8976660682226213,0.8143322475570033,0.8143322475570033,1,,,
1667.png,0.018575851393188854,0.009375,0.009375,1,,,
904.png,0.9018075232046898,0.8211743772241993,1,0.8211743772241993,,,
701.png,0.9679032930387662,0.9378029079159935,0.9493049877350777,0.9872448979591837,,,
381.png,0.9337589784517158,0.875748503,0.9375,0.9300476947535771,,,
478.png,0,0,0,0,,,
1354.png,0.9423357664233577,0.8909592822636301,0.9885145482388974,0.90027894,,,
2701.png,0.9544396408380447,0.9128498727735369,0.9624413145539906,0.9465699208443272,,,
1689.png,0.8691099476439791,0.7685185185185185,0.9779086892488954,0.7820965842167256,,,
2672.png,0.9087947882736157,0.8328358208955224,0.8483108108108108,0.9785658612626656,,,
2524.png,0.5428384565075213,0.3725314183123878,0.7384341637010676,0.42916235780765255,,,
2026.png,0,0,0,0,,,
2356.png,0.7964493419038874,0.6617497456765005,0.9296177206145052,0.6966532797858099,,,
527.png,0.9048473967684022,0.8262295081967214,0.9960474308300395,0.8289473684210527,,,
1142.png,0.9133858267716536,0.8405797101449275,0.9830508474576272,0.8529411764705882,,,
1562.png,0.5665399239543726,0.3952254641909814,0.9834983498349835,0.3978638184245661,,,
1668.png,0.899057873,0.8166259168704156,0.8789473684210526,0.9201101928374655,,,
1837.png,0.9546511627906976,0.9132369299221357,0.9879663056558363,0.9235095613048369,,,
294.png,0.9712683952347582,0.944141689,0.9665271966527197,0.976056338,,,
2157.png,0,0,0,0,,,
2528.png,0.8708452041785376,0.7712363330529857,0.9708840656431975,0.7894963409384417,,,
2527.png,0.827518234,0.7057834566240753,0.7124915139171758,0.9868359191349318,,,
2075.png,0.7865546218487395,0.6481994459833795,0.7968217934165721,0.7765486725663717,,,
2322.png,0.7627365356622998,0.6164705882352941,0.6164705882352941,1,,,
3034.png,0.8492816481431281,0.7380447585394582,0.7380447585394582,1,,,
1851.png,0.81358885,0.6857562408223201,0.7054380664652568,0.9609053497942387,,,
676.png,0.9548335974643424,0.913570887,0.9212538226299695,0.990953947,,,
1818.png,0.8886509635974305,0.7996146435452793,0.96287703,0.8250497017892644,,,
2906.png,0,0,0,0,,,
1840.png,0.8130360205831905,0.684971098,1,0.684971098,,,
560.png,0.6043872919818457,0.43306233062330624,0.43306233062330624,1,,,
1337.png,0.8184187662901824,0.6926470588235294,0.9978813559322034,0.6936671575846833,,,
1384.png,0.7609427609427609,0.6141304347826086,1,0.6141304347826086,,,
2936.png,0.9412865497076022,0.8890852850198852,0.9212454212454212,0.9622190339550454,,,
1579.png,0.9486590038314175,0.902332362,0.9856687898089171,0.914327917,,,
678.png,0.9719478467009086,0.9454265949269792,0.9601873536299765,0.984,,,
555.png,0.9653882132834425,0.9330922242314648,0.9772727272727273,0.9537892791127541,,,
1885.png,0.6275033377837116,0.4571984435797665,1,0.4571984435797665,,,
2471.png,0.5339087546239212,0.3641715727502103,1,0.3641715727502103,,,
1769.png,0.9686697483307652,0.9392430278884463,0.9772020725388602,0.960285132,,,
1720.png,0.8238993710691824,0.7005347593582888,0.7158469945355191,0.9703703703703703,,,
2465.png,0.7597087378640777,0.6125244618395304,0.9976095617529881,0.6134247917687408,,,
2255.png,0.7533217793183131,0.6042632066728453,0.6048237476808905,0.998468606,,,
1960.png,0,0,0,0,,,
21.png,0.8309618668184405,0.7108081791626095,0.9931972789115646,0.7142857142857143,,,
26.png,0.7991360691144709,0.6654676258992805,1,0.6654676258992805,,,
2405.png,0.9107720758206194,0.8361629881154499,0.9044995408631772,0.9171322160148976,,,
335.png,0.9193742478941035,0.8507795100222717,0.8741418764302059,0.9695431472081218,,,
893.png,0.9072164948453608,0.8301886792452831,0.9799554565701559,0.8445297504798465,,,
2606.png,0.8096350364963503,0.6801569781702232,0.85824822,0.7662337662337663,,,
11.png,0.9629392971246007,0.9285274183610598,0.977302205,0.948992443,,,
2980.png,0.6619718309859154,0.49473684210526314,0.8834586466165414,0.5292792792792793,,,
3011.png,0.7773851590106007,0.6358381502890174,0.8270676691729323,0.7333333333333333,,,
717.png,0.32576148683531236,0.19457292630280604,0.19457292630280604,1,,,
277.png,0.9784576959100844,0.9578239608801956,0.9880201765447667,0.969078541,,,
2979.png,0.7806149035956227,0.6401709401709401,0.9292803970223326,0.6729559748427673,,,
2275.png,0.9242610837438423,0.859187178,0.95,0.8998800959232613,,,
1866.png,0.5212355212355213,0.3524804177545692,0.3524804177545692,1,,,
1344.png,0.9505582137161086,0.9057750759878419,0.9675324675324676,0.9341692789968652,,,
2137.png,0.7535864978902953,0.6046039268788084,0.7652099400171379,0.742310889,,,
2072.png,0.5502581232918312,0.37955592794302473,0.7475247524752475,0.43536761172513216,,,
1137.png,0.9158878504672897,0.8448275862068966,0.8641975308641975,0.97415507,,,
1906.png,0.8709829867674859,0.7714524905818334,0.9588969823100937,0.7978354978354978,,,
1495.png,0.9597197898423819,0.9225589225589226,0.9647887323943662,0.9547038327526133,,,
694.png,0.8466917697686929,0.7341417910447762,0.8963553530751709,0.8022426095820592,,,
336.png,0.9646954986760812,0.9317988064791134,0.9706927175843695,0.9587719298245614,,,
1560.png,0.9443254817987152,0.8945233265720081,0.9910112359550561,0.901840491,,,
1546.png,0.9260700389105058,0.8623188405797102,0.9855072463768116,0.8733944954128441,,,
1969.png,0.7457180500658762,0.5945378151260504,0.9941451990632318,0.5966268446943078,,,
2459.png,0.9285602626231046,0.8666472133060986,0.9540636042402827,0.9043848964677222,,,
587.png,0.9805825242718447,0.9619047619047619,0.9833101529902643,0.9778699861687413,,,
2662.png,0.7074494326591021,0.5473282442748092,0.5722266560255387,0.9263565891472868,,,
2930.png,0.6774082961947206,0.512182478,1,0.512182478,,,
943.png,0.6906222611744084,0.5274431057563588,0.9563106796116505,0.5404663923182441,,,
1794.png,0.8982035928143713,0.8152173913043478,0.847457627,0.9554140127388535,,,
3043.png,0.3878013599835154,0.24054192229038854,0.9252704031465093,0.24530761209593327,,,
2380.png,0.9210662525879917,0.8536819381146558,0.915616156,0.9265816193699558,,,
126.png,0.9033280507131537,0.8236994219653179,0.9895833333333334,0.8309037900874635,,,
1147.png,0.9380902413431269,0.883399209,0.9824175824175824,0.8975903614457831,,,
1883.png,0.873927393,0.776084408,0.8162762022194822,0.9403409090909091,,,
2176.png,0,0,0,0,,,
2304.png,0.8028169014084507,0.6705882352941176,0.6736703873933026,0.9932236205227493,,,
369.png,0.9062119366626066,0.8285077951002228,0.8340807174887892,0.992,,,
2228.png,0.7597503900156007,0.6125786163522012,0.6493333333333333,0.9154135338345865,,,
2114.png,0.9234057712860705,0.8577101257445401,0.9766390354182366,0.8756756756756757,,,
451.png,0.9663608562691133,0.9349112426035503,0.948,0.9854469854469855,,,
1916.png,0.613321209,0.4422950819672131,0.4422950819672131,1,,,
2349.png,0.6963350785340314,0.5341365461847389,0.5341365461847389,1,,,
2530.png,0.5185185185185186,0.35,0.6453900709219859,0.43333333333333335,,,
1419.png,0.9310872894333844,0.8710601719197708,0.990228013,0.8786127167630058,,,
86.png,0.8837668752057951,0.791740413,0.9710564399421129,0.8108761329305136,,,
2725.png,0.850131819,0.7393298059964727,0.9344627730717788,0.7797619047619048,,,
1013.png,0.8941548183254344,0.8085714285714286,0.9433333333333334,0.8498498498498499,,,
777.png,0.8388838883888388,0.7224806201550388,0.7269890795631825,0.9914893617021276,,,
2995.png,0.6946061311602639,0.5321046373365041,0.7408940397350994,0.6537618699780862,,,
2992.png,0.9403973509933774,0.8875,0.9389623601220752,0.9418367346938775,,,
1968.png,0.8572379367720465,0.7501456027955736,0.8779822767552828,0.8374512353706112,,,
1191.png,0.8982229402261712,0.8152492668621701,0.9439728353140917,0.8567026194144838,,,
2956.png,0.45657826313052524,0.29582210242587603,0.29742547425474253,0.9821029082774049,,,
2187.png,0.8683660676974508,0.7673559822747416,0.9952107279693486,0.7702001482579689,,,
2248.png,0.8527131782945736,0.7432432432432432,0.7432432432432432,1,,,
1452.png,0.9133858267716535,0.8405797101449275,0.9373737373737374,0.8905950095969289,,,
2525.png,0.8772744870305846,0.7813793103448275,0.8110236220472441,0.9553119730185498,,,
1108.png,0.5837004405286343,0.4121306376360809,0.6592039800995025,0.5237154150197628,,,
2787.png,0.8215716486902928,0.6971757322175732,0.833125,0.8103343465045593,,,
602.png,0.9444683598794662,0.8947797716150081,0.8984438984438985,0.9954627949183303,,,
227.png,0.8379705400981996,0.7211267605633803,0.9446494464944649,0.7529411764705882,,,
1567.png,0.7934272300469483,0.6575875486381323,0.9883040935672515,0.6627450980392157,,,
1076.png,0,0,0,0,,,
2565.png,0.9123840376969519,0.8388843758461955,0.8961527335840324,0.9292141571685663,,,
1075.png,0,0,0,0,,,
824.png,0.33617539585870887,0.2020497803806735,0.2020497803806735,1,,,
2543.png,0.8954882924043404,0.8107549120992761,1,0.8107549120992761,,,
460.png,0.9679539852095317,0.9378980891719745,0.9624183006535948,0.9735537190082645,,,
1751.png,0.9345794392523366,0.8771929824561403,0.9615384615384616,0.9090909090909091,,,
1390.png,0.9356643356643357,0.8791064388961892,0.9004037685060565,0.9737991266375546,,,
754.png,0.6533604887983707,0.485178463,0.4923265807243708,0.9709443099273608,,,
117.png,0.5584449697924875,0.38739067055393583,0.40464408070041874,0.9008474576271186,,,
941.png,0.9028960817717206,0.8229813664596274,0.9028960817717206,0.9028960817717206,,,
347.png,0.9504870129870129,0.905645785,0.938301282,0.9629934210526315,,,
247.png,0.9161747343565525,0.8453159041394336,0.9675810473815462,0.8699551569506726,,,
837.png,0,0,0,0,,,
1225.png,0.2906610703043022,0.17004297114794353,0.8821656050955414,0.17399497487437185,,,
1428.png,0.9768421052631578,0.9547325102880658,0.9789029535864979,0.9747899159663865,,,
2926.png,0,0,0,0,,,
1774.png,0.8612612612612612,0.7563291139240507,0.9781718963165075,0.769313305,,,
2107.png,0.8475080585172328,0.7353700516351118,0.780365297,0.9272924579489962,,,
552.png,0.965553236,0.9334006054490414,0.9555785123966942,0.9757383966244726,,,
925.png,0.5866417561886969,0.4150693985459352,0.9602446483180428,0.42232683254875586,,,
284.png,0,0,0,0,,,
2780.png,0,0,0,0,,,
860.png,0.7731871838111299,0.6302405498281787,0.65035461,0.9532224532224532,,,
375.png,0.9767031415460643,0.9544670576060711,0.9878614780435558,0.9657940663176265,,,
834.png,0.7988587731811699,0.665083135,0.8,0.7977207977207977,,,
2642.png,0,0,0,0,,,
1375.png,0.7979539641943734,0.6638297872340425,1,0.6638297872340425,,,
681.png,0.9810126582278481,0.9627329192546584,0.9825673534072901,0.9794628751974723,,,
384.png,0.9484145764316138,0.9018901890189019,0.998007968,0.9035166816952209,,,
2154.png,0,0,0,0,,,
1657.png,0.8907563025210083,0.803030303,0.9875776397515528,0.8112244897959183,,,
69.png,0.9475197699496766,0.9002732240437158,0.9762962962962963,0.9203910614525139,,,
1568.png,0.9161290322580645,0.8452380952380952,0.9861111111111112,0.8554216867469879,,,
222.png,0.9841958475364115,0.9688834655277608,0.9748311847759361,0.9937421777221527,,,
269.png,0.8733108108108106,0.775112444,0.9736346516007532,0.7917304747320061,,,
3041.png,0.13435700575815737,0.072016461,0.4117647058823529,0.080275229,,,
1043.png,0.9535978480161398,0.9113110539845758,0.9491298527443106,0.9581081081081081,,,
2479.png,0.8583558471632574,0.7518593644354293,0.9504273504273504,0.7825475017593244,,,
2550.png,0.6035353535353536,0.4321880650994575,0.43853211009174314,0.9676113360323887,,,
393.png,0,0,0,0,,,
110.png,0.39103869653767825,0.2430379746835443,0.2445859872611465,0.9746192893401016,,,
3033.png,0.9130484072100669,0.8400083437630371,0.8444118263786957,0.9938302073050346,,,
2233.png,0.4108037464604661,0.2584978070175439,0.7944397641112048,0.27702702702702703,,,
2965.png,0.30927835051546393,0.18292682926829268,0.1876675603217158,0.8786610878661087,,,
581.png,0.9746835443037974,0.9506172839506173,0.9685534591194969,0.9808917197452229,,,
1089.png,0.768074031,0.6234741784037559,0.6281929990539262,0.9880952380952381,,,
2627.png,0.5477772100153296,0.3771991555242787,0.6725219573400251,0.46206896551724136,,,
1411.png,0.9511400651465798,0.906832298,0.9898305084745763,0.9153605015673981,,,
244.png,0.9644886363636364,0.9314128943758574,0.9741750358680057,0.9549929676511955,,,
2609.png,0.5741878841088676,0.4027093596059113,0.6258373205741626,0.5304136253041363,,,
855.png,0.902516838,0.8223514211886305,0.9231327048585932,0.8828016643550625,,,
2909.png,0.7227676484338476,0.5658857979502196,0.5675477239353891,0.9948519948519948,,,
1207.png,0.8770764119601329,0.7810650887573964,0.8098159509202454,0.9565217391304348,,,
2593.png,0.7639825466084887,0.6181001283697047,0.9856704196519959,0.6237046632124352,,,
184.png,0,0,0,0,,,
2060.png,0,0,0,0,,,
159.png,0.9514807813484562,0.9074519230769231,0.9373060211049038,0.9660908509277031,,,
512.png,0.9818181818181818,0.9642857142857143,0.9765664798777381,0.9871266735324408,,,
2732.png,0.7295081967213114,0.5741935483870968,0.7807017543859649,0.6846153846153846,,,
2994.png,0,0,0,0,,,
2394.png,0.5410309278350516,0.3708309779536461,0.3923444976076555,0.8711819389110226,,,
1420.png,0.9525773195876289,0.9094488188976378,0.9390243902439024,0.9665271966527197,,,
1814.png,0.8404255319148936,0.7247706422018348,0.9916317991631799,0.7292307692307692,,,
782.png,0.9004585918532506,0.8189401373895977,0.9982057416267942,0.8201474201474201,,,
1437.png,0.8814293448835951,0.7879961277831559,0.996328029,0.7902912621359224,,,
2300.png,0.4487722269263336,0.2893013100436681,0.9566787003610109,0.29314159292035397,,,
2801.png,0.8746882793017456,0.7772853185595567,0.9473328831870358,0.8123914302258252,,,
2418.png,0.8773963441818993,0.7815726767275616,0.8019559902200489,0.968503937,,,
1955.png,0.020151133501259445,0.010178117048346057,0.010178117048346057,1,,,
1342.png,0.9786628733997155,0.95821727,0.9772727272727273,0.98005698,,,
1585.png,0.926917511,0.863789616,0.9907192575406032,0.8708361658735554,,,
6.png,0.8994197292069632,0.8172231985940246,0.8333333333333334,0.976890756,,,
718.png,0.7682064086558468,0.6236486486486487,0.6418636995827538,0.9564766839378238,,,
437.png,0.9169054441260744,0.8465608465608465,0.975609756,0.8648648648648649,,,
1792.png,0.8469387755102041,0.7345132743362832,0.9222222222222223,0.7830188679245284,,,
1681.png,0.9393939393939394,0.8857142857142857,0.9526248399487837,0.9265255292652553,,,
750.png,0.6816625916870416,0.5170623145400594,0.5282303902993558,0.9607167470709855,,,
1826.png,0.9510124101894187,0.9066002490660025,0.9623265036351619,0.9399612653324726,,,
2061.png,0.7901554404145077,0.6531049250535332,0.9822866344605475,0.6608884073672806,,,
2858.png,0.9476474486414845,0.9005037783375315,0.9225806451612903,0.9741144414168937,,,
2101.png,0.38501560874089497,0.23840206185567012,0.9090909090909091,0.24422442244224424,,,
1006.png,0.8785046728971962,0.7833333333333333,0.8308080808080808,0.9320113314447592,,,
2808.png,0.3544655252198056,0.21541057367829022,1,0.21541057367829022,,,
1803.png,0,0,0,0,,,
1491.png,0.8933002481389579,0.8071748878923767,0.8530805687203792,0.9375,,,
3012.png,0,0,0,0,,,
2566.png,0.9057750759878419,0.8277777777777777,0.8764705882352941,0.9371069182389937,,,
841.png,0.9003058103975535,0.8186874304783093,0.9986431478968792,0.8195991091314031,,,
2922.png,0.9006063801740047,0.8191846522781775,0.9976635514018691,0.8207592503604036,,,
2359.png,0.48062809353131936,0.31633340822287126,0.8390941597139452,0.3367615403013633,,,
1304.png,0.8859784283513098,0.7952973720608575,0.8846153846153846,0.8873456790123457,,,
1063.png,0.8626790227464196,0.7585185185185185,0.7585185185185185,1,,,
769.png,0.8725526413003324,0.7739187418086501,0.9539579967689822,0.8039482641252553,,,
2246.png,0.4880326911850555,0.3227799227799228,0.9227373068432672,0.33174603174603173,,,
2362.png,0.051546392,0.026455026455026454,0.026455026455026454,1,,,
550.png,0.2222222222222222,0.125,0.125,1,,,
2878.png,0.8929630628201672,0.8066244520214321,0.8794476898566118,0.9069003285870756,,,
1021.png,0.8662764520486268,0.7640984908657665,0.7720706260032103,0.9866666666666667,,,
197.png,0,0,0,0,,,
1274.png,0.9382093316519546,0.8836104513064132,0.9489795918367347,0.9276807980049875,,,
915.png,0.7211703958691911,0.5639300134589502,0.5882077678989237,0.9318013343217197,,,
2360.png,0.3626924453992123,0.22151760332385742,0.6403286978508217,0.252997003,,,
1553.png,0.8128342245989305,0.6846846846846847,0.7037037037037037,0.9620253164556962,,,
2262.png,0.9214908802537668,0.8544117647058823,0.9830795262267343,0.8671641791044776,,,
2096.png,0.8033472803347281,0.6713286713286714,0.6713286713286714,1,,,
2385.png,0.8805104408352669,0.7865284974093264,0.7931034482758621,0.9895697522816167,,,
2073.png,0.6298516882297255,0.45969599263012434,0.6928149947934745,0.5773792305467168,,,
979.png,0.9177489177489178,0.848,0.905982906,0.9298245614035088,,,
1658.png,0.8659793814432989,0.7636363636363637,0.9,0.8344370860927153,,,
864.png,0.7071879801946389,0.5470153195985209,0.5951149425287356,0.871266302,,,
2571.png,0.7515789473684211,0.6020236087689713,0.6020236087689713,1,,,
1269.png,0.9116022099447514,0.8375634517766497,0.8870967741935484,0.9375,,,
985.png,0.4788732394366197,0.3148148148148148,0.5284974093264249,0.43776824034334766,,,
847.png,0.892349357,0.8056234718826406,0.8145859085290482,0.9865269461077845,,,
1218.png,0.7651821862348178,0.6196721311475409,0.9947368421052631,0.6217105263157895,,,
926.png,0.8524173027989821,0.7427937915742794,0.9911242603550295,0.7477678571428571,,,
2029.png,0.851006711,0.7406542056074766,0.7684848484848484,0.9533834586466166,,,
559.png,0.8865030674846626,0.7961432506887053,0.7983425414364641,0.996551724,,,
16.png,0.902506964,0.8223350253807107,0.9101123595505618,0.8950276243093923,,,
1972.png,0.7861545756282599,0.64765625,0.9030501089324618,0.6960537363560033,,,
2837.png,0,0,0,0,,,
1050.png,0.9315223542727786,0.871822034,0.8926247288503254,0.9739644970414201,,,
2971.png,0.3725728155339806,0.22893363161819538,0.24501197126895452,0.7772151898734178,,,
1988.png,0.25130890052356025,0.1437125748502994,0.3257918552036199,0.20454545454545456,,,
949.png,0.7497116493656286,0.5996309963099631,0.9129213483146067,0.6360078277886497,,,
2633.png,0,0,0,0,,,
1410.png,0.7927927927927928,0.6567164179104478,0.694006309,0.9243697478991597,,,
1118.png,0.9197396963123644,0.8514056224899599,0.9197396963123644,0.9197396963123644,,,
1185.png,0.9821902235695339,0.9650037230081906,0.9766390354182366,0.9878048780487805,,,
1726.png,0.8998519980266403,0.8179372197309417,0.9115442278860569,0.8884559181685339,,,
880.png,0.7562841530054645,0.6080843585237259,0.9829545454545454,0.6145648312611013,,,
2951.png,0.944872062,0.8955047318611987,0.9861050803300043,0.9069488817891374,,,
2269.png,0.3872832369942196,0.24014336917562723,0.46206896551724136,0.3333333333333333,,,
1555.png,0.8604427333974976,0.7550675675675675,1,0.7550675675675675,,,
2968.png,0.8972766364070713,0.8136915077989602,0.8726765799256505,0.9233038348082596,,,
948.png,0.9119601328903654,0.8381679389312977,0.882636656,0.9432989690721649,,,
262.png,0.9375696767001115,0.8824763903462749,0.9524348810872028,0.9231613611416026,,,
2090.png,0.8825526137135098,0.7897934386391251,0.9522414298271316,0.8223684210526315,,,
2285.png,0.4874184529356943,0.32224276032039434,0.3314321926489227,0.920774648,,,
1262.png,0.6480331262939958,0.4793261868300153,1,0.4793261868300153,,,
2098.png,0,0,0,0,,,
1662.png,0.9150326797385622,0.8433734939759037,0.9859154929577465,0.8536585365853658,,,
1739.png,0.963302752,0.9292035398230089,0.9813084112149533,0.9459459459459459,,,
557.png,0.898921294,0.816400581,0.9367194004995837,0.8640552995391705,,,
2718.png,0.8755868544600939,0.778705637,0.9024193548387097,0.8503039513677811,,,
2172.png,0,0,0,0,,,
2729.png,0.904875406,0.8262762168579343,0.8315412186379928,0.9923954372623575,,,
361.png,0.9236683141131247,0.8581632653061224,0.8724066390041494,0.9813302217036173,,,
2647.png,0,0,0,0,,,
2489.png,0.9149121280668174,0.8431686978832585,0.8475177304964538,0.9939508506616257,,,
822.png,0.5171874999999999,0.3487881981032666,0.9457142857142857,0.35591397849462364,,,
2305.png,0.7506426735218509,0.6008230452674898,0.6008230452674898,1,,,
2655.png,0.7310524036379384,0.5761092150170648,0.6242603550295858,0.8819226750261233,,,
2957.png,0.7891986062717771,0.6517985611510791,0.9956043956043956,0.6536796536796536,,,
1194.png,0.8597560975609756,0.7540106951871658,0.8057142857142857,0.9215686274509803,,,
2198.png,0.923926086,0.8586083853702052,0.9492110453648915,0.8999532491818607,,,
2497.png,0,0,0,0,,,
1867.png,0.847877358,0.7359263050153532,0.7374358974358974,0.9972260748959778,,,
2345.png,0.8807310035267715,0.7868805499856775,0.9456110154905336,0.8241824182418241,,,
1561.png,0.7117750439367311,0.5525238744884038,0.995085995,0.5540355677154583,,,
3035.png,0.9308795206505457,0.8706965572457966,0.964095745,0.8998758791890774,,,
2789.png,0.708038954,0.5480342890925214,0.5496590572190928,0.9946351931330472,,,
593.png,0.9567809239940387,0.9171428571428571,0.9206500956022945,0.9958634953464323,,,
2190.png,0.8804520572134911,0.7864353312302839,0.8039342147694292,0.9730679156908665,,,
12.png,0.9753846153846154,0.9519519519519519,0.9890795631825273,0.9620637329286799,,,
580.png,0.9712609970674486,0.9441277080957811,0.971830986,0.9706916764361079,,,
2006.png,0.5983564458140729,0.4268962990106266,0.7860998650472335,0.4830016583747927,,,
1902.png,0.8809631985461154,0.7872513195290296,0.8687275985663082,0.8935483870967742,,,
2825.png,0.8851674641148326,0.7939914163090128,0.9560723514211886,0.8240534521158129,,,
730.png,0.8747404844290656,0.7773677736777368,0.9867291178766588,0.7855811062771908,,,
3010.png,0.5886864813039311,0.4171195652173913,0.48119122257053293,0.7580246913580246,,,
1616.png,0.8057142857142856,0.6746411483253588,1,0.6746411483253588,,,
1590.png,0.8585131894484412,0.7521008403361344,0.9675675675675676,0.771551724,,,
1087.png,0,0,0,0,,,
702.png,0.7752100840336136,0.6329331046312179,0.8785714285714286,0.693609023,,,
2263.png,0.9538834951456311,0.9118329466357309,0.9993642720915448,0.9123621590249564,,,
479.png,0.895368782,0.8105590062111802,0.8392282958199357,0.9595588235294118,,,
2411.png,0.7681818181818182,0.6236162361623616,0.6236162361623616,1,,,
3029.png,0,0,0,0,,,
1539.png,0.9638095238095239,0.9301470588235294,0.9768339768339769,0.9511278195488722,,,
3001.png,0,0,0,0,,,
2503.png,0.9031816626753336,0.8234560199625702,0.9276177090653549,0.88,,,
2403.png,0.8182616330114135,0.6924219910846954,0.6924219910846954,1,,,
2429.png,0.8252865578325808,0.7025428740390302,0.7033747779751333,0.9983193277310924,,,
1795.png,0.8059332509270705,0.6749482401656315,0.6995708154506438,0.9504373177842566,,,
2182.png,0.7376623376623377,0.5843621399176955,0.9806629834254144,0.5911740216486261,,,
1542.png,0.8584777107261048,0.7520463847203275,0.8445040214477212,0.8729216152019003,,,
1520.png,0.7186009538950716,0.5607940446650124,0.900398406,0.5978835978835979,,,
246.png,0.8858321870701513,0.7950617283950617,0.972809668,0.8131313131313131,,,
250.png,0.91651865,0.8459016393442623,0.91651865,0.91651865,,,
607.png,0.9437229437229437,0.8934426229508197,0.9263456090651558,0.961764706,,,
2110.png,0,0,0,0,,,
2665.png,0.8949107732980833,0.8098086124401914,0.8668373879641486,0.924863388,,,
1959.png,0,0,0,0,,,
364.png,0.9028571428571429,0.8229166666666666,0.9412765957446808,0.8674509803921568,,,
2737.png,0,0,0,0,,,
162.png,0.9655677655677656,0.933427762,0.9648609077598829,0.96627566,,,
2372.png,0.7092808850645359,0.5495238095238095,0.5495238095238095,1,,,
1475.png,0,0,0,0,,,
2216.png,0.6001121704991587,0.4286858974358974,0.4815481548154815,0.7961309523809523,,,
873.png,0.8050239234449762,0.6736736736736737,0.6923868312757202,0.9614285714285714,,,
1094.png,0.5128205128205129,0.3448275862068966,0.4846938775510204,0.5444126074498568,,,
3060.png,0.7915299731583657,0.6549851924975321,0.6595427435387674,0.9895600298284862,,,
1638.png,0.9522852837769965,0.9089165867689357,0.98340249,0.9230769230769231,,,
1748.png,0.8368421052631578,0.7194570135746606,1,0.7194570135746606,,,
947.png,0.9089236430542779,0.8330522765598651,0.9610894941634242,0.8621291448516579,,,
1374.png,0.9430604982206405,0.8922558922558923,0.9888059701492538,0.9013605442176871,,,
1671.png,0,0,0,0,,,
2296.png,0.6343244653103809,0.4644766997708174,0.7548106765983861,0.5470085470085471,,,
174.png,0.9292283086765293,0.8678117998506348,0.9042801556420234,0.9555921052631579,,,
1868.png,0,0,0,0,,,
2867.png,0.9385154507805034,0.8841536614645858,0.9671700590938936,0.911509901,,,
1602.png,0.9563812600969306,0.9164086687306502,0.9472,0.965742251,,,
1093.png,0.7585394581861014,0.6110056925996205,0.6168582375478927,0.9847094801223242,,,
660.png,0.9586092715231788,0.9205087440381559,0.9365143550343712,0.9817719372615515,,,
870.png,0.9454545454545454,0.896551724,0.9518304431599229,0.9391634980988594,,,
93.png,0.8376353039134055,0.7206303724928367,0.7750385208012327,0.9112318840579711,,,
1141.png,0.9585439838220425,0.92038835,0.9498997995991983,0.9673469387755103,,,
1710.png,0.932521563,0.873574144,0.9358452138492872,0.9292214357937311,,,
1098.png,0.7867867867867869,0.6485148514851485,0.9776119402985075,0.6582914572864321,,,
2771.png,0.8694895591647331,0.7691123653155464,0.9003003003003003,0.8407178911946158,,,
1170.png,0.9806451612903226,0.9620253164556962,0.9725776965265083,0.9888475836431226,,,
2159.png,0.5554231227651967,0.3844884488448845,0.439622642,0.7540453074433657,,,
1793.png,0.7335640138408305,0.5792349726775956,0.5792349726775956,1,,,
1500.png,0.9503397804495556,0.9053784860557769,0.9956188389923329,0.909,,,
1907.png,0.923896499,0.8585572842998586,0.8985936343449297,0.9506656225528582,,,
2654.png,0.9043927648578811,0.8254716981132075,0.8428657435279951,0.975609756,,,
2831.png,0.089722675,0.046968403,0.046968403,1,,,
2173.png,0.34193073,0.20622222222222222,0.20622222222222222,1,,,
894.png,0.8374384236453202,0.7203389830508474,0.9090909090909091,0.776255708,,,
1800.png,0.8625792811839323,0.758364312,0.758364312,1,,,
1129.png,0.9294225481209899,0.8681506849315068,0.8681506849315068,1,,,
621.png,0.8976320582877959,0.8142762723066754,0.8927536231884058,0.9025641025641026,,,
1174.png,0.9547363509099394,0.9133928571428571,0.9368131868131868,0.9733587059942912,,,
3042.png,0,0,0,0,,,
879.png,0.7867298578199052,0.6484375,1,0.6484375,,,
3056.png,0.7011952191235059,0.5398773006134969,0.8518877057115198,0.5958023019634394,,,
2827.png,0.8406417112299465,0.7250922509225092,0.9776119402985075,0.7373358348968105,,,
91.png,0,0,0,0,,,
145.png,0.9181423321082527,0.8486720197652872,0.991699747,0.8547433903576983,,,
1765.png,0.6399999999999999,0.47058823529411764,1,0.47058823529411764,,,
2249.png,0.039580908,0.020190023752969122,0.020190023752969122,1,,,
2548.png,0.9150979638878217,0.8434844192634561,0.8668122270742358,0.9690805532953621,,,
2964.png,0.25405823241432623,0.14551357733175915,0.19967598217901986,0.34915014164305946,,,
2486.png,0.8858407079646018,0.7950754567116759,0.8636755823986195,0.9091734786557675,,,
964.png,0.9195652173913044,0.8511066398390342,0.9337748344370861,0.9057815845824411,,,
1316.png,0.8447412353923206,0.7312138728323699,0.7574850299401198,0.9547169811320755,,,
954.png,0.9054441260744985,0.8272251308900523,0.9294117647058824,0.882681564,,,
134.png,0.9728116710875331,0.947062621,0.9644970414201184,0.9812709030100334,,,
351.png,0.9597197898423817,0.9225589225589226,0.9803220035778175,0.9399656946826758,,,
1873.png,0.9449990213348992,0.8957328385899814,0.9206712433257056,0.9706473663047849,,,
1646.png,0.8695652173913043,0.7692307692307693,0.7908611599297012,0.9656652360515021,,,
629.png,0.8059544658493869,0.6749779994133177,0.7069124423963133,0.9372708757637475,,,
2428.png,0.825446898,0.702775291,0.702775291,1,,,
2473.png,0.7926267281105992,0.6564885496183206,0.7870216306156406,0.7983122362869198,,,
1846.png,0.7154612386314422,0.5569790964261632,1,0.5569790964261632,,,
1895.png,0.8706125258086715,0.7708714198659354,0.995279308,0.7737003058103975,,,
2220.png,0.8392191270015354,0.7229780801209372,0.7531496062992126,0.9474987617632491,,,
1282.png,0.7931605074462217,0.6572212065813529,0.7329255861365953,0.8641826923076923,,,
2368.png,0.7979834353619014,0.6638705811863391,0.8159057437407953,0.780831572,,,
535.png,0.966643975,0.9354413702239789,0.962059621,0.9712722298221614,,,
140.png,0.964985994,0.932341001,0.9663394109396914,0.9636363636363636,,,
590.png,0.9613821138211381,0.9256360078277887,0.9536290322580645,0.9692622950819673,,,
1296.png,0.14016172506738547,0.075362319,0.075362319,1,,,
2920.png,0.9324295700063545,0.8734126984126984,0.9430162810625535,0.922077922,,,
402.png,0.9821989528795811,0.9650205761316872,0.9915433403805497,0.9730290456431535,,,
472.png,0.9353327085285847,0.8785211267605634,0.895870736,0.9784313725490196,,,
2855.png,0.7061611374407583,0.5457875457875457,0.8869047619047619,0.5866141732283464,,,
1515.png,0.8604992657856093,0.7551546391752577,0.8542274052478134,0.8668639053254438,,,
1247.png,0.9699570815450643,0.9416666666666667,0.9713467048710601,0.9685714285714285,,,
2450.png,0.7923910820208631,0.6561653116531165,0.7902896776825785,0.7945036915504512,,,
1333.png,0.9518072289156626,0.9080459770114943,0.9404761904761905,0.9634146341463414,,,
1582.png,0.8011267605633804,0.668233083,0.8865336658354115,0.7307297019527236,,,
1897.png,0.9454265949269792,0.8965014577259475,0.9520123839009288,0.9389312977099237,,,
967.png,0.8247821878025169,0.7018121911037891,0.848605578,0.8022598870056498,,,
971.png,0.9481132075471699,0.9013452914798207,0.9220183486238532,0.9757281553398058,,,
2007.png,0.7841284837033539,0.6449106449106449,0.8238213399503722,0.7480847228481298,,,
1684.png,0.9295774647887324,0.868421053,0.9195046439628483,0.939873418,,,
189.png,0.9795081967213114,0.9598393574297188,0.9668284789644013,0.9925249169435216,,,
36.png,0.9249743062692702,0.8604206500956023,0.8687258687258688,0.989010989,,,
55.png,0.901453958,0.8205882352941176,0.8429003021148036,0.96875,,,
2898.png,0.9493521790341578,0.9035874439461884,0.9572446555819477,0.9415887850467289,,,
157.png,0.9741661216481361,0.9496334077143768,0.9877320954907162,0.9609677419354838,,,
3004.png,0,0,0,0,,,
1275.png,0.9248704663212435,0.8602409638554217,0.8947368421052632,0.9571045576407506,,,
2343.png,0.9147328656233135,0.8428642466434609,0.853904282,0.9848925043579314,,,
434.png,0.9055330634278003,0.8273736128236745,1,0.8273736128236745,,,
149.png,0.9646455394760945,0.9317055909412597,0.9795386904761905,0.9501984843016962,,,
87.png,0.9724770642201834,0.9464285714285714,0.9526143790849673,0.9931856899488927,,,
2553.png,0.9006750241080039,0.8192982456140351,0.8339285714285715,0.9790356394129979,,,
1641.png,0.8890845070422536,0.8003169572107766,0.9730250481695568,0.8184764991896273,,,
1943.png,0.8820977917981072,0.7890652557319224,0.9414983164983165,0.8297477744807121,,,
2618.png,0.098039216,0.051546392,0.053106744556558685,0.6369426751592356,,,
981.png,0.018276762402088774,0.009222661,0.009222661,1,,,
1729.png,0.7258300271455419,0.5696492953130121,0.5893523228212953,0.9445652173913044,,,
2911.png,0.6129476584022039,0.44190665342601787,0.6631892697466468,0.5697823303457106,,,
2250.png,0.28669410150891633,0.16733386709367493,0.17832764505119453,0.7307692307692307,,,
1271.png,0.37500000000000006,0.23076923076923078,0.7415730337078652,0.2509505703422053,,,
1630.png,0.9352204681545999,0.878323108,0.9783599088838268,0.8957247132429614,,,
1927.png,0,0,0,0,,,
1103.png,0.3757791629563669,0.23135964912280702,0.23186813186813188,0.9906103286384976,,,
213.png,0.9425441538117595,0.8913319238900634,0.9665291150848234,0.9197207678883071,,,
1656.png,0.5751633986928104,0.4036697247706422,0.9263157894736842,0.41706161137440756,,,
2588.png,0.806060606,0.6751269035532995,0.973170732,0.6879310344827586,,,
2274.png,0.9034400948991695,0.8238857637386413,0.8876456876456876,0.9198067632850242,,,
849.png,0.962089301,0.926948052,0.9564489112227805,0.9677966101694915,,,
2986.png,0.542089552,0.37182637182637185,0.3795986622073579,0.9478079331941545,,,
1588.png,0.7294577976523198,0.5741311042674879,0.6271023546371937,0.8717434869739479,,,
2688.png,0,0,0,0,,,
1234.png,0.6032482598607889,0.4318936877076412,1,0.4318936877076412,,,
745.png,0.8854497720049743,0.7944458219687578,0.8863070539419087,0.8845941468801767,,,
387.png,0.9735785246248151,0.9485172981878089,0.9926724137931034,0.9552053090004148,,,
103.png,0.9432485322896282,0.8925925925925926,0.9691689008042895,0.9186785260482846,,,
1742.png,0.7925170068027211,0.6563380281690141,0.9628099173553719,0.6734104046242775,,,
636.png,0.9775132275132274,0.9560155239327296,0.9986486486486487,0.9572538860103627,,,
2763.png,0.8515075158571552,0.741413224,0.7601613403661185,0.9678056488248075,,,
1446.png,0.9260273972602739,0.8622448979591837,1,0.8622448979591837,,,
2342.png,0.9287997675094448,0.8670645686380901,0.890250696,0.9708383961117861,,,
2494.png,0.8232727272727273,0.6996291718170581,0.9512605042016806,0.7256410256410256,,,
2390.png,0.7753453772582358,0.633113502,0.6388791593695271,0.985945946,,,
2709.png,0,0,0,0,,,
2604.png,0.9295987887963664,0.8684582743988685,0.921,0.9383596535914417,,,
412.png,0.9749235474006117,0.951073986,0.9533492822966507,0.9974968710888611,,,
1097.png,0.8671140939597316,0.7654028436018957,0.938953488,0.8054862842892768,,,
1311.png,0.9302022178734507,0.8695121951219512,0.9152759948652118,0.9456233421750663,,,
2081.png,0.898488121,0.8156862745098039,0.8421052631578947,0.9629629629629629,,,
132.png,0.9655469422911284,0.9333888426311407,0.9739357080799305,0.9573014517506405,,,
186.png,0,0,0,0,,,
1330.png,0.8907849829351536,0.803076923,0.9388489208633094,0.8474025974025974,,,
1523.png,0.8694992412746586,0.7691275167785235,0.9212218649517685,0.8232758620689655,,,
2401.png,0.6634920634920635,0.49643705463182897,0.49643705463182897,1,,,
657.png,0.9258426966292135,0.8619246861924686,0.9381912817176318,0.9138149556400507,,,
29.png,0.9507246376811593,0.9060773480662984,0.9131403118040089,0.9915356711003628,,,
2579.png,0,0,0,0,,,
2521.png,0.6612824278022515,0.4939670932358318,0.6854388635210553,0.6387706855791963,,,
640.png,0.9387040280210157,0.8844884488448845,0.9054054054054054,0.9745454545454545,,,
2058.png,0,0,0,0,,,
1981.png,0.7349953831948293,0.581021898,0.9937578027465668,0.5831501831501832,,,
2091.png,0.7741935483870968,0.631578947,0.7600767754318618,0.7888446215139442,,,
1204.png,0.897119342,0.8134328358208955,0.8861788617886179,0.9083333333333333,,,
2451.png,0.5595441595441595,0.3884493670886076,0.6191677175283733,0.5103950103950103,,,
523.png,0.9411095305832149,0.8887694787748522,0.8897256589564282,0.998792271,,,
1393.png,0.9371727748691099,0.8817733990147784,0.9808219178082191,0.8972431077694235,,,
301.png,0.9753830263384403,0.9519489247311828,0.9632777966678001,0.9877963737796374,,,
1477.png,0.8695652173913044,0.7692307692307693,0.9859154929577465,0.7777777777777778,,,
2590.png,0.7126436781609196,0.5535714285714286,0.5535714285714286,1,,,
1461.png,0.6798469387755103,0.514975845,0.8610662358642972,0.5616438356164384,,,
1145.png,0.9550045913682277,0.9138840070298769,0.933572711,0.9774436090225563,,,
1312.png,0.9225908372827804,0.8563049853372434,0.9636963696369637,0.8848484848484849,,,
763.png,0.8449531737773153,0.7315315315315315,1,0.7315315315315315,,,
2160.png,0.6024793388429752,0.43110585452395034,0.9,0.45279503105590063,,,
2468.png,0.8096385542168675,0.680161943,0.7325581395348837,0.9048473967684022,,,
2312.png,0.9259478672985781,0.8621070049641478,0.877104377,0.9805520702634881,,,
1707.png,0.9248780487804878,0.8602540834845736,0.9386138613861386,0.9115384615384615,,,
248.png,0.9573221757322175,0.9181380417335474,0.9470198675496688,0.9678510998307953,,,
441.png,0.9331193151417869,0.8746238716148446,0.9819819819819819,0.8888888888888888,,,
2853.png,0.8491620111731845,0.7378640776699029,0.7450980392156863,0.987012987,,,
793.png,0.7442110931610124,0.5926243567753001,0.6197309417040359,0.931266846,,,
716.png,0.5970782280867106,0.4255962378233121,0.45624774936982354,0.863667348,,,
896.png,0.8317929759704251,0.7120253164556962,0.7120253164556962,1,,,
1251.png,0.9674418604651162,0.9369369369369369,0.975,0.96,,,
1071.png,0.9152000000000001,0.8436578171091446,0.8666666666666667,0.9694915254237289,,,
1714.png,0.840085288,0.7242647058823529,0.7378277153558053,0.9752475247524752,,,
2818.png,0.8574635241301908,0.750491159,1,0.750491159,,,
2230.png,0,0,0,0,,,
1665.png,0.16822429906542058,0.091836735,0.091836735,1,,,
2822.png,0.8854781582054309,0.7944915254237288,0.9640102827763496,0.8187772925764192,,,
2854.png,0.4374563242487771,0.27996422182468694,0.9542682926829268,0.28377153218495016,,,
2015.png,0.8466330465737171,0.7340534979423868,1,0.7340534979423868,,,
2685.png,0.8874024526198437,0.7975951903807615,0.8073022312373225,0.9851485148514851,,,
1309.png,0.9186046511627907,0.8494623655913979,0.9968454258675079,0.8517520215633423,,,
589.png,0.6583953680727874,0.4907521578298397,0.49318463444857497,0.9900497512437811,,,
922.png,0.9734717416378317,0.9483146067415731,0.9791183294663574,0.9678899082568807,,,
2279.png,0.5224839400428266,0.3536231884057971,0.35952848722986247,0.9556135770234987,,,
2415.png,0,0,0,0,,,
1789.png,0.780952381,0.640625,0.640625,1,,,
1276.png,0.9774266365688487,0.9558498896247241,0.9807474518686297,0.9741282339707537,,,
1991.png,0.7390255668113843,0.5860749808722264,0.9433497536945813,0.6074544012688342,,,
215.png,0.9280275116678948,0.8657195233730522,0.9051269765213225,0.952116935,,,
663.png,0.9728055077452669,0.9470509383378016,0.9495967741935484,0.9971771347918137,,,
2611.png,0,0,0,0,,,
1149.png,0.9581151832460734,0.9195979899497487,0.9457364341085271,0.9708222811671088,,,
2660.png,0.9019513370272224,0.8214129,0.9889064976228209,0.829052259,,,
251.png,0.9422382671480145,0.8907849829351536,0.9560439560439561,0.9288256227758007,,,
1231.png,0.6777963272120201,0.5126262626262627,0.8826086956521739,0.5501355013550135,,,
2675.png,0.6748216106014271,0.5092307692307693,0.5092307692307693,1,,,
1879.png,0.820472441,0.6955941255006676,0.7156593406593407,0.9612546125461254,,,
1345.png,0.9182879377431907,0.8489208633093526,0.8509615384615384,0.9971830985915493,,,
2164.png,0.9244679371261649,0.8595447490946715,0.884953395,0.9676761793826442,,,
2302.png,0.34370370370370373,0.2075134168157424,0.5658536585365853,0.24680851063829787,,,
2630.png,0.4897435897435897,0.3242784380305603,0.3242784380305603,1,,,
1067.png,0.7357330992098331,0.5819444444444445,0.8821052631578947,0.6310240963855421,,,
1002.png,0.9420084865629421,0.8903743315508021,0.9301675977653632,0.9541547277936963,,,
308.png,0.9521748539277212,0.9087154068566708,0.9151414309484193,0.9923319801533604,,,
324.png,0.79338843,0.6575342465753424,0.9887640449438202,0.6624843161856964,,,
1235.png,0.7926023778071335,0.6564551422319475,0.9900990099009901,0.6607929515418502,,,
153.png,0.9670755326016786,0.93625,0.9689521345407504,0.9652061855670103,,,
1810.png,0.8254580520732884,0.7027914614121511,0.9953488372093023,0.7051070840197694,,,
1401.png,0.887525562,0.7977941176470589,0.7992633517495396,0.9977011494252873,,,
1861.png,0.8848484848484848,0.7934782608695652,0.7963636363636364,0.9954545454545455,,,
2197.png,0.6039387308533918,0.43260188087774293,0.9971098265895953,0.4331450094161959,,,
709.png,0.9142857142857143,0.8421052631578947,0.9411764705882353,0.8888888888888888,,,
2080.png,0,0,0,0,,,
1768.png,0.9238636363636363,0.8585005279831045,0.9420625724217845,0.9063545150501672,,,
353.png,0.7949080622347949,0.6596244131455399,0.8005698005698005,0.7893258426966292,,,
181.png,0.9771615008156608,0.9553429027113237,0.9941908713692946,0.9607056936647955,,,
1801.png,0.8863109048723898,0.7958333333333333,0.8642533936651584,0.9095238095238095,,,
865.png,0.18419618528610354,0.1014405762304922,0.1014405762304922,1,,,
2378.png,0.8353286650101648,0.717222653,0.8709373528026377,0.8025173611111112,,,
605.png,0.9502262443438914,0.9051724137931034,0.9459459459459459,0.9545454545454546,,,
2148.png,0.8915956151035322,0.8043956043956044,0.8632075471698113,0.9219143576826196,,,
940.png,0.8328173374613003,0.713527851,0.9835466179159049,0.7221476510067114,,,
545.png,0.9717206132879046,0.9449966865473823,0.9868512110726644,0.9570469798657718,,,
217.png,0.880648899,0.7867494824016563,0.9535759096612296,0.8180839612486545,,,
980.png,0,0,0,0,,,
888.png,0.5719696969696969,0.4005305039787798,0.4005305039787798,1,,,
407.png,0.9568717653824037,0.9173098125689085,0.929608939,0.985781991,,,
1566.png,0.5426356589147286,0.3723404255319149,0.37433155080213903,0.9859154929577465,,,
2830.png,0.7050359712230216,0.5444444444444444,1,0.5444444444444444,,,
1841.png,0,0,0,0,,,
2790.png,0.7352993744414658,0.5814019219898248,0.5917721518987342,0.9707409155261916,,,
2847.png,0.8433540037746022,0.7291375291375292,0.7533718689788054,0.9577464788732394,,,
1084.png,0.8521739130434782,0.7424242424242424,0.9884726224783862,0.7489082969432315,,,
1723.png,0.9019607843137255,0.8214285714285714,0.9806201550387597,0.834983498,,,
2454.png,0.7992855548113418,0.6656749721085905,0.6716697936210131,0.9867695700110254,,,
1611.png,0.8853211009174312,0.7942386831275721,0.9722921914357683,0.8126315789473684,,,
1363.png,0.9550387596899225,0.913946588,0.9788135593220338,0.9323915237134208,,,
2717.png,0.7739273927392739,0.6312247644683715,1,0.6312247644683715,,,
33.png,0.7692307692307692,0.625,0.6529516994633273,0.9358974358974359,,,
2496.png,0,0,0,0,,,
2169.png,0.7218934911242604,0.5648148148148148,0.6834733893557423,0.7648902821316614,,,
2222.png,0.051565378,0.026465028355387523,0.026465028355387523,1,,,
1146.png,0.969147005,0.9401408450704225,0.9638989169675091,0.9744525547445255,,,
1893.png,0.4953478068232166,0.3292108362779741,0.7917847025495751,0.36041263700838166,,,
2499.png,0,0,0,0,,,
1236.png,0.2806304016268429,0.16321703134240095,0.9928057553956835,0.16341030195381884,,,
1250.png,0.9448529411764706,0.8954703832752613,0.9643527204502814,0.9261261261261261,,,
2923.png,0.870919881,0.771353482,0.9982993197278912,0.7723684210526316,,,
1591.png,0.9232531500572738,0.8574468085106383,0.9415887850467289,0.9056179775280899,,,
1894.png,0.013483146,0.00678733,0.007989348,0.043165468,,,
107.png,0.9460819554277499,0.897680764,0.9499518768046198,0.9422434367541767,,,
1675.png,0.844106464,0.7302631578947368,0.9024390243902439,0.7928571428571428,,,
429.png,0.9570383912248629,0.9176161262050833,0.9331550802139037,0.9821763602251408,,,
344.png,0.9576907868722815,0.9188163884673748,0.9505494505494505,0.9649402390438248,,,
2667.png,0.9056714663532178,0.8276047261009667,0.8307277628032345,0.9954780361757106,,,
367.png,0.9644484958979033,0.9313380281690141,0.9724264705882353,0.9566003616636528,,,
